zip,state,city_label,region
54016,WI,Hudson,WI St. Croix
54021,WI,Prescott,WI St. Croix
54022,WI,River Falls,WI St. Croix
54220,WI,Manitowoc,WI Lakeshore
54230,WI,Reedsville,WI Lakeshore
54247,WI,Whitelaw,WI Lakeshore
55001,MN,Afton,East metro
55003,MN,Bayport,East metro
55005,MN,Bethel,North metro
55011,MN,Cedar / East Bethel,North metro
55014,MN,Circle Pines / Lexington,North metro
55016,MN,Cottage Grove,East metro
55033,MN,Hastings,South metro
55038,MN,Hugo,North metro
55042,MN,Lake Elmo,East metro
55043,MN,Lakeland,East metro
55055,MN,Newport,East metro
55070,MN,St. Francis,North metro
55071,MN,St. Paul Park,East metro
55075,MN,South St. Paul,South metro
55076,MN,Inver Grove Heights,South metro
55077,MN,Inver Grove Heights,South metro
55082,MN,Stillwater,East metro
55090,MN,Willernie,East metro
55101,MN,St. Paul (downtown),St. Paul
55102,MN,St. Paul (Summit Hill / West 7th),St. Paul
55103,MN,St. Paul (Frogtown / North End),St. Paul
55104,MN,St. Paul (Midway / Hamline),St. Paul
55105,MN,St. Paul (Mac-Groveland),St. Paul
55106,MN,St. Paul (East Side),St. Paul
55107,MN,St. Paul (West Side),St. Paul
55108,MN,St. Paul (St. Anthony Park / Falcon Heights),St. Paul
55109,MN,Maplewood / North St. Paul,East metro
55110,MN,White Bear Lake,North metro
55112,MN,New Brighton / Arden Hills,North metro
55113,MN,Roseville,North metro
55114,MN,St. Paul (Midway industrial),St. Paul
55115,MN,Mahtomedi,East metro
55116,MN,St. Paul (Highland Park),St. Paul
55117,MN,St. Paul (Como / Little Canada),St. Paul
55118,MN,West St. Paul / Mendota Heights,South metro
55119,MN,St. Paul (Battle Creek / Maplewood),East metro
55120,MN,Mendota Heights,South metro
55121,MN,Eagan,South metro
55122,MN,Eagan,South metro
55123,MN,Eagan,South metro
55125,MN,Woodbury,East metro
55126,MN,Shoreview,North metro
55127,MN,Vadnais Heights / North Oaks,North metro
55128,MN,Oakdale,East metro
55129,MN,Woodbury,East metro
55130,MN,St. Paul (Payne-Phalen),St. Paul
55144,MN,3M campus (Maplewood),East metro
55150,MN,Mendota,South metro
55155,MN,State Capitol complex,St. Paul
55303,MN,Anoka / Ramsey,North metro
55304,MN,Andover,North metro
55305,MN,Hopkins / Minnetonka,West metro
55306,MN,Burnsville,South metro
55311,MN,Maple Grove,Northwest metro
55315,MN,Carver,Southwest metro
55316,MN,Champlin,Northwest metro
55317,MN,Chanhassen,Southwest metro
55318,MN,Chaska,Southwest metro
55330,MN,Elk River,Northwest exurb
55337,MN,Burnsville,South metro
55340,MN,Hamel / Medina,West metro
55341,MN,Hanover,Northwest exurb
55343,MN,Hopkins,West metro
55344,MN,Eden Prairie,Southwest metro
55345,MN,Minnetonka,West metro
55346,MN,Eden Prairie,Southwest metro
55347,MN,Eden Prairie,Southwest metro
55352,MN,Jordan,Southwest exurb
55357,MN,Loretto,West exurb
55363,MN,Montrose,West exurb
55369,MN,Osseo,Northwest metro
55374,MN,Rogers,Northwest exurb
55376,MN,St. Michael,Northwest exurb
55379,MN,Shakopee,Southwest metro
55390,MN,Waverly,West exurb
55391,MN,Wayzata,West metro
55401,MN,Minneapolis (North Loop / downtown),Minneapolis
55402,MN,Minneapolis (downtown core),Minneapolis
55403,MN,Minneapolis (Loring Park),Minneapolis
55404,MN,Minneapolis (Phillips / Elliot Park),Minneapolis
55405,MN,Minneapolis (Bryn Mawr / Lowry Hill),Minneapolis
55406,MN,Minneapolis (Longfellow / Seward),Minneapolis
55407,MN,Minneapolis (Powderhorn),Minneapolis
55408,MN,Minneapolis (Uptown / Lyn-Lake),Minneapolis
55409,MN,Minneapolis (Kingfield / Lynnhurst),Minneapolis
55410,MN,Minneapolis (Linden Hills),Minneapolis
55411,MN,Minneapolis (Near North),Minneapolis
55412,MN,Minneapolis (Camden),Minneapolis
55413,MN,Minneapolis (Northeast / St. Anthony),Minneapolis
55414,MN,Minneapolis (Dinkytown / Prospect Park),Minneapolis
55415,MN,Minneapolis (downtown east / Mill District),Minneapolis
55416,MN,St. Louis Park,West metro
55417,MN,Minneapolis (Nokomis),Minneapolis
55418,MN,Minneapolis (Northeast / Waite Park),Minneapolis
55419,MN,Minneapolis (Tangletown / Windom),Minneapolis
55420,MN,Bloomington (east),South metro
55421,MN,Columbia Heights / Fridley,North metro
55422,MN,Robbinsdale / Golden Valley,Northwest metro
55423,MN,Richfield,South metro
55424,MN,Edina,Southwest metro
55425,MN,Bloomington (Mall of America area),South metro
55426,MN,St. Louis Park / Golden Valley,West metro
55427,MN,Golden Valley / Crystal / New Hope,Northwest metro
55428,MN,Crystal / New Hope / Brooklyn Park,Northwest metro
55429,MN,Brooklyn Center,Northwest metro
55430,MN,Brooklyn Center,Northwest metro
55431,MN,Bloomington (west),South metro
55432,MN,Fridley / Spring Lake Park,North metro
55433,MN,Coon Rapids,North metro
55434,MN,Blaine,North metro
55435,MN,Edina (Southdale),Southwest metro
55436,MN,Edina,Southwest metro
55437,MN,Bloomington (southwest),South metro
55438,MN,Bloomington (west),South metro
55439,MN,Edina,Southwest metro
55441,MN,Plymouth,Northwest metro
55442,MN,Plymouth,Northwest metro
55443,MN,Brooklyn Park,Northwest metro
55444,MN,Brooklyn Park,Northwest metro
55445,MN,Brooklyn Park,Northwest metro
55446,MN,Plymouth,Northwest metro
55447,MN,Plymouth,Northwest metro
55448,MN,Coon Rapids,North metro
55449,MN,Blaine,North metro
55450,MN,MSP Airport,South metro
55454,MN,Minneapolis (Cedar-Riverside),Minneapolis
55455,MN,University of Minnesota,Minneapolis
55487,MN,Minneapolis (PO boxes),Minneapolis
55488,MN,Minneapolis (PO boxes),Minneapolis
56021,MN,Courtland,Outstate south
56062,MN,Madelia,Outstate south
56071,MN,New Prague,Southwest exurb
56073,MN,New Ulm,Outstate south
